time,lat,long,depth,mag,ms
2009-01-02T08:55:10.150Z,60.0295,-153.07516666666666,-3,0,1230886510150
2009-01-03T08:38:29.020Z,58.24316666666667,-155.1185,-2.78,0,1230971909020
2009-01-03T19:20:59.270Z,61.318333333333335,-152.24433333333334,0.33,0,1231010459270
2009-01-05T12:29:50.000Z,58.24516666666667,-155.11816666666667,-3,0,1231158590000
2009-01-05T19:19:59.310Z,58.2475,-155.1065,-3,0.1,1231183199310
2009-01-05T21:39:01.110Z,53.877,-166.84366666666668,4.75,0.1,1231191541110
2009-01-06T10:19:50.900Z,60.03366666666667,-153.07916666666668,-3,0.1,1231237190900
2009-01-06T15:50:30.330Z,61.306333333333335,-152.23466666666667,-3,0,1231257030330
2009-01-07T10:20:14.660Z,58.247,-155.12966666666668,1.96,0.1,1231323614660
2009-01-07T13:42:25.270Z,61.30266666666667,-152.24216666666666,-3,0.1,1231335745270
2009-01-07T18:08:47.260Z,61.30283333333333,-152.2515,2.12,0.1,1231351727260
2009-01-08T04:58:58.370Z,61.30833333333333,-152.24083333333334,2.23,0.1,1231390738370
2009-01-08T07:02:50.300Z,58.243,-155.11283333333333,-0.34,0,1231398170300
2009-01-09T09:58:00.790Z,60.012166666666666,-152.99616666666665,-2.99,0.1,1231495080790
2009-01-11T09:41:30.090Z,61.31966666666667,-152.24633333333333,3.46,0,1231666890090
2009-01-11T22:40:23.540Z,60.048833333333334,-153.04883333333333,3.48,0.1,1231713623540
2009-01-12T11:18:30.050Z,58.22816666666667,-155.14933333333335,-3,0.1,1231759110050
2009-01-13T00:05:35.210Z,60.04266666666667,-153.07366666666667,1.45,0,1231805135210
2009-01-13T09:50:55.100Z,60.03766666666667,-153.00766666666667,1.16,0.1,1231840255100
2009-01-15T00:02:38.100Z,61.3055,-152.23683333333332,-3,0,1231977758100
2009-01-16T13:50:42.330Z,60.03483333333333,-153.06083333333333,-3,0.1,1232113842330
2009-01-20T23:01:42.990Z,60.54816666666667,-153.38433333333333,16.64,0,1232492502990
2009-01-21T19:26:38.630Z,61.31933333333333,-152.248,3.48,0.1,1232565998630
2009-01-22T20:59:11.740Z,60.056333333333335,-153.03233333333333,2.55,0.1,1232657951740
2009-01-22T21:21:37.280Z,60.049,-153.06516666666667,1.86,0,1232659297280
2009-01-23T09:24:38.170Z,61.30133333333333,-152.23766666666666,1.96,0.1,1232702678170
2009-01-25T20:19:03.090Z,60.4955,-152.7455,-3,0.1,1232914743090
2009-01-26T01:59:03.060Z,60.04,-153.08133333333333,1,0.1,1232935143060
2009-01-26T13:15:59.270Z,58.166333333333334,-155.33883333333333,0.65,0.1,1232975759270
2009-01-26T23:29:27.220Z,60.494166666666665,-152.72633333333334,-2.9,0,1233012567220
2009-01-27T03:11:52.520Z,60.50033333333333,-152.76733333333334,2.13,0.1,1233025912520
2009-01-27T04:01:28.090Z,61.24633333333333,-152.2405,-2.99,0,1233028888090
2009-01-27T05:08:24.960Z,60.48916666666667,-152.76516666666666,-3,0,1233032904960
2009-01-27T09:24:28.120Z,61.3285,-152.26166666666666,0.14,0.1,1233048268120
2009-01-27T10:14:15.830Z,54.1845,-166.006,7.01,0,1233051255830
2009-01-27T10:47:16.480Z,60.513333333333335,-152.724,-2.99,0,1233053236480
2009-01-27T16:38:01.090Z,58.168,-155.3595,-3,0.1,1233074281090
2009-01-27T16:57:01.380Z,60.498,-152.74933333333334,0.32,0.1,1233075421380
2009-01-28T02:42:57.570Z,60.040333333333336,-153.0805,0.25,0.1,1233110577570
2009-01-28T02:44:36.940Z,60.50633333333333,-152.74633333333333,2.06,0.1,1233110676940
2009-01-28T16:47:22.580Z,60.498,-152.77733333333333,-3,0,1233161242580
2009-01-28T17:34:16.390Z,60.49166666666667,-152.76333333333332,-2.87,0.1,1233164056390
2009-01-28T20:25:52.800Z,60.0345,-153.08433333333332,-0.83,0.1,1233174352800
2009-01-29T00:45:13.370Z,60.494166666666665,-152.77866666666668,-0.59,0.1,1233189913370
2009-01-29T11:38:16.690Z,60.49066666666667,-152.73716666666667,0.58,0.1,1233229096690
2009-01-29T17:05:37.550Z,60.49516666666667,-152.76183333333333,-0.35,0,1233248737550
2009-01-29T20:35:41.410Z,60.49133333333333,-152.7295,-0.14,0,1233261341410
2009-01-29T21:16:26.120Z,58.163833333333336,-155.36266666666666,3.6,0.1,1233263786120
2009-01-30T06:24:31.160Z,60.486333333333334,-152.75083333333333,-3,0.1,1233296671160
2009-01-30T08:27:35.390Z,60.495333333333335,-152.75433333333334,-1.98,0,1233304055390
2009-01-30T09:51:01.130Z,60.49816666666667,-152.75366666666667,-3,0,1233309061130
2009-01-30T10:05:28.780Z,60.4855,-152.72833333333332,-2.92,0,1233309928780
2009-01-30T13:45:11.860Z,60.48583333333333,-152.736,-3,0.1,1233323111860
2009-01-30T15:00:25.120Z,60.492,-152.7665,-3,0.1,1233327625120
2009-01-30T15:36:19.350Z,60.4905,-152.76983333333334,-3,0.1,1233329779350
2009-01-30T18:06:31.090Z,60.456833333333336,-152.72483333333332,-2.64,0,1233338791090
2009-01-30T20:40:57.510Z,60.4815,-152.776,-3,0.1,1233348057510
2009-01-30T20:46:08.040Z,61.334666666666664,-152.25016666666667,13.1,0,1233348368040
2009-01-30T22:02:58.560Z,60.48916666666667,-152.73483333333334,-3,0,1233352978560
2009-01-30T22:24:19.620Z,60.4995,-152.73166666666665,-3,0.1,1233354259620
2009-01-31T05:20:19.920Z,58.25333333333333,-155.16233333333332,-1.69,0,1233379219920
2009-01-31T11:48:13.370Z,60.5055,-152.74866666666668,-3,0.1,1233402493370
2009-01-31T12:34:23.960Z,51.74666666666667,-179.0735,6.06,0,1233405263960
2009-02-01T02:04:59.110Z,60.498,-152.76883333333333,-1,0,1233453899110
2009-02-01T12:44:18.050Z,60.49216666666667,-152.76283333333333,0.53,0.1,1233492258050
2009-02-01T14:08:41.950Z,60.50033333333333,-152.75766666666667,-3,0,1233497321950
2009-02-01T23:23:03.850Z,60.50216666666667,-152.753,-3,0.1,1233530583850
2009-02-02T01:58:04.230Z,60.49483333333333,-152.75333333333333,0.3,0.1,1233539884230
2009-02-02T05:58:23.320Z,60.503,-152.76116666666667,-2.39,0.1,1233554303320
2009-02-02T11:16:18.750Z,60.50216666666667,-152.75816666666665,-2.02,0.1,1233573378750
2009-02-02T13:51:16.060Z,60.50216666666667,-152.762,-3,0.1,1233582676060
2009-02-02T15:35:30.220Z,60.498666666666665,-152.7775,-2.55,0.1,1233588930220
2009-02-02T18:29:49.470Z,60.494166666666665,-152.77,-3,0.1,1233599389470
2009-02-04T02:06:43.390Z,60.49883333333333,-152.77583333333334,-1.04,0,1233713203390
2009-02-05T01:55:44.510Z,60.504666666666665,-152.7485,-3,0,1233798944510
2009-02-05T03:34:18.620Z,60.473333333333336,-152.785,-0.1,0,1233804858620
2009-02-05T14:55:53.300Z,60.47566666666667,-152.7625,-3,0.1,1233845753300
2009-02-05T18:58:21.870Z,61.253,-152.452,3.68,0.1,1233860301870
2009-02-07T23:00:19.660Z,60.4955,-152.75616666666667,-3,0.1,1234047619660
2009-02-08T03:08:03.930Z,60.5,-152.74866666666668,-3,0.1,1234062483930
2009-02-08T05:39:46.680Z,60.4985,-152.75283333333334,-2.58,0,1234071586680
2009-02-08T06:37:17.590Z,60.49316666666667,-152.74483333333333,-2.76,0,1234075037590
2009-02-09T03:15:48.810Z,60.51233333333333,-152.72866666666667,-3,0.1,1234149348810
2009-02-09T06:58:35.950Z,60.508,-152.75233333333333,-3,0.1,1234162715950
2009-02-09T09:47:22.760Z,61.32483333333333,-152.26283333333333,-0.7,0,1234172842760
2009-02-09T14:40:16.360Z,60.4825,-152.7725,-2.85,0,1234190416360
2009-02-09T22:31:55.760Z,60.496,-152.75483333333332,0.98,0.1,1234218715760
2009-02-10T00:23:37.750Z,60.48566666666667,-152.75266666666667,-3,0.1,1234225417750
2009-02-10T17:34:24.170Z,60.49616666666667,-152.7595,-3,0.1,1234287264170
2009-02-10T20:32:13.190Z,60.489666666666665,-152.779,-3,0.1,1234297933190
2009-02-11T01:15:50.550Z,60.49066666666667,-152.7745,0.1,0,1234314950550
2009-02-11T13:43:48.940Z,59.9925,-152.96033333333332,2.79,0,1234359828940
2009-02-12T15:48:04.190Z,60.49666666666667,-152.73783333333333,-3,0,1234453684190
2009-02-14T12:09:05.090Z,60.519333333333336,-152.7095,0.71,0.1,1234613345090
2009-02-15T08:28:45.290Z,60.48733333333333,-152.74183333333335,-3,0.1,1234686525290
2009-02-15T09:16:08.030Z,61.29866666666667,-152.234,3.08,0.1,1234689368030
2009-02-15T15:29:14.770Z,60.50783333333333,-152.77916666666667,-2.8,0,1234711754770
2009-02-16T02:22:57.850Z,60.4845,-152.75983333333335,-3,0.1,1234750977850
2009-02-16T07:37:55.410Z,60.504,-152.73416666666665,-3,0.1,1234769875410
2009-02-16T09:58:26.010Z,61.308166666666665,-152.25783333333334,1.67,0,1234778306010
2009-02-16T15:25:29.680Z,60.485,-152.76083333333332,0.93,0.1,1234797929680
2009-02-17T21:56:22.520Z,60.488166666666665,-152.77983333333333,-3,0,1234907782520
2009-02-18T05:46:40.070Z,60.51766666666666,-152.92116666666666,6.17,0,1234936000070
2009-02-19T00:26:47.930Z,60.48683333333334,-152.76633333333334,-3,0,1235003207930
2009-02-19T00:29:46.680Z,60.502833333333335,-152.74016666666665,-3,0.1,1235003386680
2009-02-20T00:05:19.590Z,60.515,-152.705,-3,0,1235088319590
2009-02-20T05:25:13.340Z,60.48533333333334,-152.76333333333332,-3,0,1235107513340
2009-02-20T08:49:49.510Z,60.50683333333333,-152.726,-3,0,1235119789510
2009-02-20T09:26:57.080Z,60.486666666666665,-152.75766666666667,-3,0.1,1235122017080
2009-02-20T15:29:25.940Z,60.477833333333336,-152.7805,-0.31,0,1235143765940
2009-02-20T15:42:38.180Z,60.492,-152.74483333333333,-2.7,0.1,1235144558180
2009-02-20T15:44:01.210Z,60.4565,-152.714,4.06,0,1235144641210
2009-02-21T08:40:35.030Z,60.50116666666667,-152.739,0.15,0.1,1235205635030
2009-02-22T04:47:24.570Z,60.488166666666665,-152.76883333333333,-2.9,0.1,1235278044570
2009-02-22T04:51:08.450Z,60.4955,-152.76116666666667,-3,0.1,1235278268450
2009-02-22T04:51:39.060Z,60.469,-152.73,4.3,0.1,1235278299060
2009-02-23T03:44:50.950Z,60.492666666666665,-152.75766666666667,-3,0,1235360690950
2009-02-23T06:23:16.560Z,58.166,-155.33916666666667,-2.37,0.1,1235370196560
2009-02-23T15:14:53.940Z,58.18233333333333,-155.32533333333333,2.11,0.1,1235402093940
2009-02-23T15:23:28.070Z,60.0685,-153.10333333333332,2.91,0.1,1235402608070
2009-02-24T03:47:11.890Z,60.493833333333335,-152.7245,-3,0,1235447231890
2009-02-25T11:11:26.830Z,58.229,-155.13516666666666,-0.93,0.1,1235560286830
2009-02-25T11:14:10.160Z,58.231833333333334,-155.14516666666665,0.71,0.1,1235560450160
2009-02-26T02:10:52.950Z,60.506,-152.7715,0.13,0.1,1235614252950
2009-02-26T02:41:14.590Z,60.47716666666667,-152.7605,2.48,0,1235616074590
2009-02-26T04:50:38.990Z,60.49916666666667,-152.78733333333332,2.25,0.1,1235623838990
2009-02-26T05:59:48.970Z,60.475,-152.748,-0.04,0.1,1235627988970
2009-02-26T07:20:32.840Z,60.49016666666667,-152.76466666666667,1.59,0.1,1235632832840
2009-02-26T07:55:22.170Z,60.4985,-152.77883333333332,-3,0.1,1235634922170
2009-02-26T08:05:40.040Z,60.485166666666665,-152.76666666666668,-3,0.1,1235635540040
2009-02-26T08:22:23.410Z,60.478,-152.768,0.01,0.1,1235636543410
2009-02-26T08:39:26.240Z,60.486333333333334,-152.76783333333333,1.06,0,1235637566240
2009-02-26T09:45:12.580Z,60.5095,-152.7785,0.98,0,1235641512580
2009-02-26T09:57:20.260Z,60.4855,-152.76816666666667,0.2,0.1,1235642240260
2009-02-26T11:05:26.300Z,60.50066666666667,-152.74116666666666,-3,0.1,1235646326300
2009-02-26T15:34:01.610Z,60.486333333333334,-152.75933333333333,0.19,0,1235662441610
2009-02-26T16:16:23.180Z,60.51833333333333,-152.778,5.6,0.1,1235664983180
2009-02-26T16:25:43.870Z,60.48316666666667,-152.74916666666667,1.12,0,1235665543870
2009-02-26T16:40:10.020Z,60.52466666666667,-152.7415,-2.15,0.1,1235666410020
2009-02-26T17:59:22.480Z,60.5045,-152.73283333333333,-3,0,1235671162480
2009-02-27T04:08:25.600Z,60.49133333333333,-152.73966666666666,-3,0.1,1235707705600
2009-02-27T06:13:16.120Z,60.488166666666665,-152.77083333333334,-2.83,0,1235715196120
2009-02-27T07:53:03.480Z,60.48,-152.7725,1.47,0.1,1235721183480
2009-02-27T11:21:38.820Z,60.513333333333335,-152.69716666666667,1.11,0.1,1235733698820
2009-02-27T11:23:01.000Z,60.49033333333333,-152.7435,-2.94,0,1235733781000
2009-02-27T11:27:16.860Z,60.47533333333333,-152.77016666666665,-2.67,0,1235734036860
2009-02-27T11:37:26.570Z,60.4625,-152.77133333333333,-2.59,0.1,1235734646570
2009-02-27T17:09:43.630Z,59.35616666666667,-153.42316666666667,-0.89,0,1235754583630
2009-02-27T20:30:47.330Z,52.08083333333333,-176.154,-3,0,1235766647330
2009-02-27T21:25:56.930Z,60.497166666666665,-152.77283333333332,1.37,0.1,1235769956930
2009-02-28T00:40:27.420Z,60.52483333333333,-152.76533333333333,0.87,0.1,1235781627420
2009-02-28T02:43:23.430Z,60.5015,-152.77566666666667,1.18,0,1235789003430
2009-02-28T04:07:32.060Z,60.45283333333333,-152.70883333333333,3.13,0,1235794052060
2009-02-28T06:20:54.850Z,60.5055,-152.771,0.48,0,1235802054850
2009-02-28T09:04:24.680Z,60.459833333333336,-152.76783333333333,-2.61,0,1235811864680
2009-02-28T12:55:51.260Z,60.5155,-152.7845,1.71,0,1235825751260
2009-02-28T13:59:58.300Z,60.505,-152.77233333333334,0.78,0,1235829598300
2009-02-28T21:47:51.880Z,58.171,-155.35433333333333,1,0,1235857671880
2009-03-01T04:00:56.960Z,60.476333333333336,-152.7715,-3,0,1235880056960
2009-03-02T12:33:15.270Z,60.49033333333333,-152.77066666666667,-1.82,0,1235997195270
2009-03-02T14:15:46.310Z,60.49433333333333,-152.77166666666668,1.51,0,1236003346310
2009-03-02T20:54:49.430Z,60.50216666666667,-152.78433333333334,-0.03,0.1,1236027289430
2009-03-03T02:54:36.850Z,61.191833333333335,-152.24566666666666,4.67,0.1,1236048876850
2009-03-03T03:30:57.870Z,60.51766666666666,-152.72283333333334,2.84,0,1236051057870
2009-03-03T11:33:07.420Z,60.51466666666666,-152.7885,1.47,0.1,1236079987420
2009-03-03T12:01:58.500Z,60.5025,-152.76683333333332,2.19,0,1236081718500
2009-03-04T08:58:30.240Z,60.51166666666666,-152.776,0.27,0,1236157110240
2009-03-04T10:04:33.400Z,61.29783333333334,-152.216,-3,0,1236161073400
2009-03-04T10:05:19.930Z,60.499,-152.78283333333334,0.67,0,1236161119930
2009-03-05T01:03:00.490Z,60.47116666666667,-152.7615,4.48,0.1,1236214980490
2009-03-05T16:36:13.160Z,60.4815,-152.78666666666666,1.13,0,1236270973160
2009-03-06T03:05:53.680Z,60.4995,-152.7755,1.42,0.1,1236308753680
2009-03-06T04:45:35.910Z,60.5095,-152.7595,-2.9,0,1236314735910
2009-03-06T13:15:18.130Z,60.06433333333333,-153.05566666666667,1.4,0,1236345318130
2009-03-07T12:22:30.190Z,60.042833333333334,-153.07516666666666,1.57,0.1,1236428550190
2009-03-08T04:59:51.990Z,60.477833333333336,-152.77616666666665,1.01,0.1,1236488391990
2009-03-08T09:52:51.930Z,60.51716666666667,-152.75583333333333,2.32,0.1,1236505971930
2009-03-09T06:39:16.170Z,61.288,-152.21266666666668,-3,0,1236580756170
2009-03-09T09:57:51.250Z,60.51383333333333,-152.73383333333334,-3,0.1,1236592671250
2009-03-09T13:37:14.540Z,60.477333333333334,-152.74966666666666,0.4,0,1236605834540
2009-03-09T14:01:49.580Z,60.483,-152.766,0.21,0,1236607309580
2009-03-09T20:07:34.280Z,60.473,-152.76,5.81,0.1,1236629254280
2009-03-09T21:30:20.220Z,60.0425,-153.07116666666667,0.16,0,1236634220220
2009-03-09T23:58:41.460Z,60.511,-152.77733333333333,0.46,0,1236643121460
2009-03-10T21:31:17.720Z,60.480333333333334,-152.77116666666666,0.79,0.1,1236720677720
2009-03-10T23:45:46.780Z,60.516333333333336,-152.77983333333333,0.78,0.1,1236728746780
2009-03-11T14:56:48.920Z,60.493,-152.77433333333335,-2.78,0.1,1236783408920
2009-03-12T03:34:14.190Z,60.49783333333333,-152.76933333333332,-1.73,0,1236828854190
2009-03-12T06:48:52.290Z,60.4995,-152.77633333333333,-2.81,0.1,1236840532290
2009-03-12T09:00:11.240Z,60.504666666666665,-152.77383333333333,0.74,0,1236848411240
2009-03-12T13:16:17.130Z,60.490833333333335,-152.72966666666667,-2.01,0.1,1236863777130
2009-03-12T13:35:26.430Z,60.481833333333334,-152.76983333333334,-3,0,1236864926430
2009-03-12T20:14:47.400Z,61.141666666666666,-152.28666666666666,4.36,0.1,1236888887400
2009-03-13T08:32:24.500Z,60.488,-152.77633333333333,-3,0.1,1236933144500
2009-03-13T12:16:50.950Z,60.47416666666667,-152.76916666666668,-2.95,0.1,1236946610950
2009-03-13T21:11:25.480Z,60.48116666666667,-152.76733333333334,-0.26,0.1,1236978685480
2009-03-14T03:30:34.820Z,60.48916666666667,-152.76616666666666,-3,0.1,1237001434820
2009-03-14T04:24:16.340Z,60.486,-152.7655,-2.89,0,1237004656340
2009-03-14T08:34:09.360Z,60.483666666666664,-152.76366666666667,0.92,0.1,1237019649360
2009-03-14T09:58:18.850Z,60.48133333333333,-152.76866666666666,1.05,0.1,1237024698850
2009-03-14T10:30:31.130Z,60.47833333333333,-152.7775,6.79,0,1237026631130
2009-03-14T11:50:55.470Z,60.499,-152.7765,0.12,0,1237031455470
2009-03-14T14:17:44.980Z,60.486333333333334,-152.769,-3,0.1,1237040264980
2009-03-15T04:31:36.080Z,60.4815,-152.75633333333334,1.2,0.1,1237091496080
2009-03-15T14:52:48.380Z,60.4795,-152.7715,0.99,0,1237128768380
2009-03-15T20:49:21.760Z,60.49066666666667,-152.7715,-2.85,0.1,1237150161760
2009-03-16T05:42:50.600Z,60.4895,-152.73783333333333,-3,0.1,1237182170600
2009-03-17T02:02:58.050Z,60.49483333333333,-152.76016666666666,4.36,0,1237255378050
2009-03-17T15:17:27.160Z,60.49583333333333,-152.754,-3,0.1,1237303047160
2009-03-18T13:39:29.230Z,60.48983333333334,-152.77033333333333,-3,0.1,1237383569230
2009-03-18T15:08:30.500Z,61.3035,-152.25633333333334,1.01,0.1,1237388910500
2009-03-18T19:56:55.140Z,60.49216666666667,-152.77416666666667,-2.78,0,1237406215140
2009-03-18T23:42:00.810Z,58.269666666666666,-155.00516666666667,1.76,0,1237419720810
2009-03-19T02:14:23.740Z,60.486333333333334,-152.76966666666667,0.73,0,1237428863740
2009-03-19T03:40:57.430Z,60.486,-152.77716666666666,0.72,0.1,1237434057430
2009-03-20T21:45:52.350Z,60.482,-152.76483333333334,-3,0.1,1237585552350
2009-03-20T22:13:19.740Z,60.48766666666667,-152.7685,-2.92,0.1,1237587199740
2009-03-21T00:19:32.530Z,60.4895,-152.76916666666668,-2.83,0,1237594772530
2009-03-21T03:39:03.900Z,60.496833333333335,-152.769,0.34,0,1237606743900
2009-03-21T04:51:07.670Z,60.496,-152.7745,-3,0,1237611067670
2009-03-21T06:20:03.810Z,60.47833333333333,-152.76833333333335,1.08,0,1237616403810
2009-03-21T07:33:28.610Z,60.489,-152.7625,-0.17,0.1,1237620808610
2009-03-21T07:37:09.690Z,60.481,-152.76483333333334,0.51,0.1,1237621029690
2009-03-21T08:51:52.960Z,60.48416666666667,-152.775,-3,0,1237625512960
2009-03-21T09:59:55.590Z,60.4955,-152.76633333333334,-0.5,0,1237629595590
2009-03-21T11:15:41.700Z,60.463,-152.76266666666666,-0.52,0.1,1237634141700
2009-03-21T11:50:51.260Z,60.480333333333334,-152.77216666666666,0.67,0,1237636251260
2009-03-21T14:21:04.240Z,60.476333333333336,-152.768,0.14,0.1,1237645264240
2009-03-21T15:28:55.760Z,60.49316666666667,-152.763,0.78,0,1237649335760
2009-03-21T16:03:15.730Z,60.48733333333333,-152.76483333333334,-0.44,0.1,1237651395730
2009-03-21T16:46:40.510Z,60.48533333333334,-152.77216666666666,-3,0,1237654000510
2009-03-21T19:02:02.200Z,60.48416666666667,-152.77183333333335,-2.7,0,1237662122200
2009-03-21T20:37:48.410Z,60.50233333333333,-152.76883333333333,0.16,0.1,1237667868410
2009-03-21T20:54:01.870Z,60.483333333333334,-152.7635,1.11,0.1,1237668841870
2009-03-21T21:29:23.530Z,60.4855,-152.77083333333334,-0.06,0,1237670963530
2009-03-21T22:33:23.900Z,60.492,-152.76533333333333,-2.71,0.1,1237674803900
2009-03-21T23:04:11.410Z,60.494166666666665,-152.7785,-3,0,1237676651410
2009-03-22T01:12:39.810Z,60.4955,-152.77283333333332,-3,0,1237684359810
2009-03-22T02:31:10.620Z,60.487,-152.76316666666668,-0.98,0,1237689070620
2009-03-22T02:33:38.660Z,60.4875,-152.7785,-2.85,0,1237689218660
2009-03-22T02:38:53.850Z,60.49016666666667,-152.77566666666667,-3,0,1237689533850
2009-03-22T03:23:48.430Z,60.50183333333333,-152.768,2.21,0,1237692228430
2009-03-22T04:12:47.620Z,60.48,-152.77433333333335,2.19,0.1,1237695167620
2009-03-22T04:13:32.970Z,60.506,-152.774,-0.25,0.1,1237695212970
2009-03-22T04:13:53.710Z,60.48466666666667,-152.7675,-0.07,0.1,1237695233710
2009-03-22T04:24:44.710Z,60.4905,-152.7695,-3,0,1237695884710
2009-03-22T04:50:28.090Z,60.48583333333333,-152.76783333333333,0.13,0.1,1237697428090
2009-03-22T05:17:54.560Z,60.495666666666665,-152.76316666666668,1.58,0.1,1237699074560
2009-03-22T05:20:27.190Z,60.4895,-152.77016666666665,-2.78,0.1,1237699227190
2009-03-22T06:17:03.740Z,60.486,-152.76216666666667,1.92,0.1,1237702623740
2009-03-22T06:21:50.210Z,60.4845,-152.76333333333332,-3,0,1237702910210
2009-03-22T06:24:07.380Z,60.48133333333333,-152.75833333333333,2.57,0.1,1237703047380
2009-03-22T06:48:05.070Z,60.47966666666667,-152.75933333333333,2.41,0.1,1237704485070
2009-03-22T06:59:04.750Z,60.487833333333334,-152.7665,0.45,0.1,1237705144750
2009-03-22T07:20:01.630Z,60.477333333333334,-152.789,0.1,0,1237706401630
2009-03-22T07:21:08.760Z,60.49916666666667,-152.76683333333332,0.42,0.1,1237706468760
2009-03-22T07:25:53.530Z,60.4905,-152.76416666666665,0.43,0.1,1237706753530
2009-03-22T07:47:15.390Z,60.49616666666667,-152.77366666666666,-0.21,0,1237708035390
2009-03-22T07:47:36.810Z,60.48683333333334,-152.76183333333333,2.18,0,1237708056810
2009-03-22T07:55:30.340Z,60.50783333333333,-152.77266666666668,3.42,0.1,1237708530340
2009-03-22T08:01:52.690Z,60.487,-152.76683333333332,-0.18,0,1237708912690
2009-03-22T08:12:43.620Z,60.493833333333335,-152.77033333333333,-0.15,0.1,1237709563620
2009-03-22T08:16:13.410Z,60.49216666666667,-152.761,1.94,0.1,1237709773410
2009-03-22T08:50:28.050Z,60.4835,-152.76266666666666,0.07,0.1,1237711828050
2009-03-22T08:56:57.880Z,60.495333333333335,-152.77416666666667,-3,0,1237712217880
2009-03-22T09:00:03.710Z,60.478833333333334,-152.761,1.07,0,1237712403710
2009-03-22T09:00:32.840Z,60.49216666666667,-152.7645,0.47,0.1,1237712432840
2009-03-22T09:10:41.310Z,60.498333333333335,-152.76466666666667,-1.7,0.1,1237713041310
2009-03-22T09:17:20.990Z,60.48,-152.7615,1.74,0,1237713440990
2009-03-22T09:20:02.190Z,60.03366666666667,-153.07466666666667,-3,0,1237713602190
2009-03-22T09:23:23.300Z,60.49616666666667,-152.76233333333334,0.7,0,1237713803300
2009-03-22T09:28:42.480Z,60.4875,-152.7655,0.58,0,1237714122480
2009-03-22T09:46:21.140Z,60.49016666666667,-152.76966666666667,1.12,0,1237715181140
2009-03-22T09:46:43.040Z,60.495,-152.7235,-1.37,0,1237715203040
2009-03-22T09:52:24.740Z,60.488,-152.76983333333334,0.14,0,1237715544740
2009-03-22T09:54:40.890Z,60.498333333333335,-152.76633333333334,-1.7,0,1237715680890
2009-03-22T09:54:52.910Z,60.47366666666667,-152.7635,0.61,0,1237715692910
2009-03-22T10:07:51.230Z,60.49466666666667,-152.77333333333334,-3,0,1237716471230
2009-03-22T10:23:54.240Z,60.4915,-152.7625,0.74,0.1,1237717434240
2009-03-22T10:28:56.920Z,60.52033333333333,-152.77616666666665,4.86,0.1,1237717736920
2009-03-22T10:29:23.580Z,60.47666666666667,-152.76183333333333,1.69,0,1237717763580
2009-03-22T10:47:38.420Z,60.47116666666667,-152.755,2.51,0.1,1237718858420
2009-03-22T10:52:44.570Z,60.49733333333333,-152.76433333333333,2.65,0.1,1237719164570
2009-03-22T11:24:35.490Z,61.16433333333333,-152.2745,4.01,0,1237721075490
2009-03-22T12:11:38.600Z,60.48566666666667,-152.7625,0.42,0.1,1237723898600
2009-03-22T12:14:44.230Z,60.47866666666667,-152.76383333333334,0.74,0.1,1237724084230
2009-03-22T12:18:49.780Z,60.501,-152.7605,-3,0.1,1237724329780
2009-03-22T12:25:28.920Z,60.488,-152.782,-3,0,1237724728920
2009-03-22T12:39:53.980Z,60.461166666666664,-152.77466666666666,2.31,0.1,1237725593980
2009-03-22T12:41:03.490Z,60.49633333333333,-152.79233333333335,2.8,0.1,1237725663490
2009-03-22T12:41:13.770Z,60.48166666666667,-152.76616666666666,0.02,0.1,1237725673770
2009-03-22T12:52:56.160Z,60.48616666666667,-152.77233333333334,1.84,0.1,1237726376160
2009-03-22T12:54:08.550Z,60.4805,-152.784,-2.77,0,1237726448550
2009-03-22T13:16:47.030Z,60.47666666666667,-152.76266666666666,1.08,0.1,1237727807030
2009-03-22T13:21:04.970Z,60.49016666666667,-152.75766666666667,3.49,0.1,1237728064970
2009-03-22T13:29:55.120Z,60.4995,-152.7655,0.73,0.1,1237728595120
2009-03-22T13:36:02.140Z,60.486333333333334,-152.7625,-3,0.1,1237728962140
2009-03-22T13:50:10.550Z,60.4805,-152.76416666666665,0.56,0.1,1237729810550
2009-03-22T13:57:32.960Z,60.48983333333334,-152.7555,-1.09,0.1,1237730252960
2009-03-22T14:12:22.560Z,60.487,-152.774,0.74,0.1,1237731142560
2009-03-22T14:28:09.390Z,60.50216666666667,-152.765,-1.73,0,1237732089390
2009-03-22T14:29:26.400Z,60.49166666666667,-152.77866666666668,1.86,0,1237732166400
2009-03-22T14:40:46.750Z,60.481,-152.76483333333334,0.55,0.1,1237732846750
2009-03-22T14:46:49.040Z,60.48166666666667,-152.764,0.24,0.1,1237733209040
2009-03-22T15:02:23.250Z,60.50666666666667,-152.76416666666665,0.77,0,1237734143250
2009-03-22T15:05:36.600Z,60.4835,-152.76516666666666,-0.02,0.1,1237734336600
2009-03-22T15:20:31.050Z,60.4825,-152.76416666666665,0.33,0.1,1237735231050
2009-03-22T15:29:04.410Z,60.484833333333334,-152.73583333333335,-1.15,0,1237735744410
2009-03-22T15:36:07.560Z,60.47933333333334,-152.7695,2.18,0,1237736167560
2009-03-22T15:37:01.500Z,60.483,-152.76983333333334,-0.19,0,1237736221500
2009-03-22T15:40:09.920Z,60.483333333333334,-152.76233333333334,0.3,0,1237736409920
2009-03-22T15:49:44.000Z,60.483,-152.76266666666666,0.1,0.1,1237736984000
2009-03-22T15:50:08.810Z,60.498333333333335,-152.76716666666667,5.1,0,1237737008810
2009-03-22T15:58:20.300Z,60.49783333333333,-152.75733333333332,-3,0.1,1237737500300
2009-03-22T16:00:52.800Z,60.4805,-152.7645,0.49,0.1,1237737652800
2009-03-22T16:08:33.320Z,60.491,-152.7645,0.75,0.1,1237738113320
2009-03-22T16:10:20.730Z,60.48866666666667,-152.7645,-0.92,0.1,1237738220730
2009-03-22T16:23:13.330Z,60.480666666666664,-152.76466666666667,0.55,0.1,1237738993330
2009-03-22T16:55:59.240Z,60.493833333333335,-152.75983333333335,0.66,0,1237740959240
2009-03-22T16:59:00.550Z,60.488,-152.76316666666668,-0.42,0,1237741140550
2009-03-22T17:06:16.730Z,60.482,-152.76433333333333,0.16,0.1,1237741576730
2009-03-22T17:08:45.350Z,60.48266666666667,-152.76383333333334,1.22,0.1,1237741725350
2009-03-22T17:10:32.910Z,60.5115,-152.7535,2.89,0,1237741832910
2009-03-22T17:14:09.910Z,60.48433333333333,-152.76866666666666,1.58,0,1237742049910
2009-03-22T17:15:18.050Z,60.483666666666664,-152.76883333333333,0.79,0.1,1237742118050
2009-03-22T17:16:14.810Z,60.489666666666665,-152.76883333333333,-0.28,0,1237742174810
2009-03-22T17:19:26.330Z,60.48016666666667,-152.7655,0.69,0,1237742366330
2009-03-22T17:22:43.480Z,60.50716666666667,-152.768,-0.56,0.1,1237742563480
2009-03-22T17:22:59.830Z,60.4935,-152.74633333333333,-2.96,0,1237742579830
2009-03-22T17:23:26.760Z,60.4895,-152.76033333333334,0.91,0.1,1237742606760
2009-03-22T17:24:35.430Z,60.48116666666667,-152.76033333333334,0.59,0.1,1237742675430
2009-03-22T17:30:58.120Z,60.491166666666665,-152.7555,4.8,0.1,1237743058120
2009-03-22T17:31:37.320Z,60.48233333333334,-152.76466666666667,0.51,0,1237743097320
2009-03-22T17:38:10.290Z,60.486333333333334,-152.77166666666668,3.11,0,1237743490290
2009-03-22T17:38:24.780Z,60.48566666666667,-152.7625,1.06,0,1237743504780
2009-03-22T17:38:51.990Z,60.4965,-152.77633333333333,3,0.1,1237743531990
2009-03-22T17:41:24.610Z,60.48916666666667,-152.7645,-1.13,0,1237743684610
2009-03-22T17:43:09.950Z,60.49966666666667,-152.7685,1.01,0.1,1237743789950
2009-03-22T17:46:04.530Z,60.4945,-152.75616666666667,-3,0,1237743964530
2009-03-22T17:51:53.270Z,60.48083333333334,-152.76466666666667,0.3,0.1,1237744313270
2009-03-22T17:52:06.430Z,60.491,-152.74983333333333,0.6,0,1237744326430
2009-03-22T17:55:13.150Z,60.49016666666667,-152.77383333333333,-0.11,0.1,1237744513150
2009-03-22T17:55:37.730Z,60.475833333333334,-152.76566666666668,1.43,0,1237744537730
2009-03-22T17:56:12.390Z,60.491166666666665,-152.76933333333332,2.68,0,1237744572390
2009-03-22T18:03:14.760Z,60.4985,-152.76066666666668,0.6,0,1237744994760
2009-03-22T18:04:37.950Z,60.49483333333333,-152.77183333333335,5.07,0.1,1237745077950
2009-03-22T18:06:22.030Z,60.49583333333333,-152.74916666666667,-2.91,0.1,1237745182030
2009-03-22T18:10:25.020Z,60.481833333333334,-152.76316666666668,0.86,0.1,1237745425020
2009-03-22T18:12:49.620Z,60.49316666666667,-152.766,0.76,0,1237745569620
2009-03-22T18:13:34.190Z,60.480333333333334,-152.7655,0.62,0,1237745614190
2009-03-22T18:14:33.370Z,60.471666666666664,-152.755,3.52,0.1,1237745673370
2009-03-22T18:16:43.840Z,60.5055,-152.77866666666668,4.47,0,1237745803840
2009-03-22T18:18:20.790Z,60.49966666666667,-152.7915,3.71,0,1237745900790
2009-03-22T18:21:05.010Z,60.48233333333334,-152.7685,2.93,0.1,1237746065010
2009-03-22T18:22:07.580Z,60.50783333333333,-152.77416666666667,5.98,0.1,1237746127580
2009-03-22T18:24:25.530Z,60.48166666666667,-152.76216666666667,0.17,0,1237746265530
2009-03-22T18:24:52.970Z,60.50033333333333,-152.7645,-0.63,0.1,1237746292970
2009-03-22T18:25:22.740Z,60.49216666666667,-152.78416666666666,-0.8,0.1,1237746322740
2009-03-22T18:26:15.730Z,60.4815,-152.76266666666666,0.98,0.1,1237746375730
2009-03-22T18:28:44.410Z,60.48866666666667,-152.766,0.77,0,1237746524410
2009-03-22T18:29:02.930Z,60.4985,-152.78533333333334,3.97,0.1,1237746542930
2009-03-22T18:29:06.280Z,60.502833333333335,-152.76433333333333,-1.72,0.1,1237746546280
2009-03-22T18:30:40.780Z,60.468,-152.7665,0.76,0,1237746640780
2009-03-22T18:32:57.510Z,60.492333333333335,-152.7665,0.69,0.1,1237746777510
2009-03-22T18:35:06.280Z,60.48883333333333,-152.7595,-3,0.1,1237746906280
2009-03-22T18:39:30.700Z,60.483333333333334,-152.763,2.19,0.1,1237747170700
2009-03-22T18:40:42.020Z,60.475,-152.77883333333332,2.69,0.1,1237747242020
2009-03-22T18:46:15.310Z,60.49183333333333,-152.77216666666666,-3,0,1237747575310
2009-03-22T18:48:52.960Z,60.48883333333333,-152.77483333333333,0.24,0.1,1237747732960
2009-03-22T18:52:02.920Z,60.508833333333335,-152.80433333333335,3.08,0,1237747922920
2009-03-22T18:55:57.160Z,60.477666666666664,-152.76316666666668,1.53,0,1237748157160
2009-03-22T19:01:05.530Z,60.48316666666667,-152.76133333333334,0.62,0.1,1237748465530
2009-03-22T19:05:34.580Z,60.47833333333333,-152.7625,0.67,0.1,1237748734580
2009-03-22T19:06:37.830Z,60.496,-152.77533333333332,-3,0.1,1237748797830
2009-03-22T19:11:22.340Z,60.48383333333334,-152.76183333333333,0.53,0,1237749082340
2009-03-22T19:11:43.370Z,60.49666666666667,-152.77233333333334,3.2,0.1,1237749103370
2009-03-22T19:14:39.460Z,60.48583333333333,-152.76416666666665,1.62,0.1,1237749279460
2009-03-22T19:21:30.390Z,60.487,-152.76633333333334,0.63,0,1237749690390
2009-03-22T19:24:33.440Z,60.4905,-152.771,-2.76,0.1,1237749873440
2009-03-22T19:29:12.440Z,60.47683333333333,-152.76883333333333,2.18,0,1237750152440
2009-03-22T19:33:58.420Z,60.496833333333335,-152.78883333333334,0.65,0,1237750438420
2009-03-22T19:54:01.630Z,60.473166666666664,-152.75983333333335,2.06,0,1237751641630
2009-03-22T20:01:28.760Z,60.49,-152.76416666666665,0.54,0,1237752088760
2009-03-22T20:05:40.940Z,60.4855,-152.7645,0.45,0,1237752340940
2009-03-22T20:06:58.130Z,60.494,-152.75716666666668,3.46,0,1237752418130
2009-03-22T20:07:56.540Z,60.490833333333335,-152.76766666666666,-3,0,1237752476540
2009-03-22T20:13:20.300Z,60.50783333333333,-152.79833333333335,2.78,0,1237752800300
2009-03-22T20:13:59.630Z,60.486,-152.776,0.94,0,1237752839630
2009-03-22T20:19:26.900Z,60.494166666666665,-152.76483333333334,2.35,0.1,1237753166900
2009-03-22T20:25:58.350Z,60.487833333333334,-152.768,2.2,0.1,1237753558350
2009-03-22T20:28:56.000Z,60.483333333333334,-152.77633333333333,1.1,0.1,1237753736000
2009-03-22T20:49:36.000Z,60.492666666666665,-152.76766666666666,1.25,0,1237754976000
2009-03-22T20:50:05.110Z,60.493833333333335,-152.76583333333335,0.65,0.1,1237755005110
2009-03-22T20:59:51.810Z,60.48016666666667,-152.768,1.4,0,1237755591810
2009-03-22T21:09:25.710Z,60.49183333333333,-152.77066666666667,0.36,0.1,1237756165710
2009-03-22T21:09:37.960Z,60.47533333333333,-152.76833333333335,5.07,0.1,1237756177960
2009-03-22T21:17:35.060Z,60.48266666666667,-152.7645,1.35,0,1237756655060
2009-03-22T21:17:58.710Z,60.48233333333334,-152.7685,1.77,0.1,1237756678710
2009-03-22T21:20:31.650Z,60.490833333333335,-152.75533333333334,4.29,0,1237756831650
2009-03-22T21:22:13.270Z,60.512166666666666,-152.76933333333332,1.92,0.1,1237756933270
2009-03-22T21:22:44.900Z,60.493833333333335,-152.75783333333334,2.85,0,1237756964900
2009-03-22T21:36:26.260Z,60.501333333333335,-152.76433333333333,-0.61,0.1,1237757786260
2009-03-22T21:36:44.950Z,60.498333333333335,-152.7785,6.23,0.1,1237757804950
2009-03-22T21:41:26.480Z,60.50633333333333,-152.76,0.55,0.1,1237758086480
2009-03-22T21:48:44.070Z,60.49516666666667,-152.7705,0.42,0,1237758524070
2009-03-22T21:58:02.500Z,60.482166666666664,-152.77566666666667,0.89,0,1237759082500
2009-03-22T22:21:56.590Z,60.491166666666665,-152.76933333333332,0.28,0,1237760516590
2009-03-22T22:24:10.060Z,60.51383333333333,-152.77883333333332,-1.7,0,1237760650060
2009-03-22T22:24:21.200Z,60.487,-152.77033333333333,0.65,0,1237760661200
2009-03-22T22:28:52.050Z,60.48883333333333,-152.77016666666665,0.26,0.1,1237760932050
2009-03-22T22:33:47.750Z,60.49,-152.76883333333333,-0.31,0.1,1237761227750
2009-03-22T22:36:36.550Z,60.495666666666665,-152.76266666666666,3.14,0,1237761396550
2009-03-22T22:37:42.190Z,60.50366666666667,-152.76533333333333,0.55,0.1,1237761462190
2009-03-22T22:40:38.930Z,60.49483333333333,-152.777,0.72,0,1237761638930
2009-03-22T22:46:39.410Z,60.492,-152.77033333333333,-3,0.1,1237761999410
2009-03-22T22:50:17.670Z,60.488166666666665,-152.76,3.85,0.1,1237762217670
2009-03-22T22:50:55.090Z,60.48683333333334,-152.771,0.54,0.1,1237762255090
2009-03-22T22:52:12.200Z,60.4775,-152.7685,1.49,0,1237762332200
2009-03-22T22:55:36.470Z,60.493833333333335,-152.7675,-3,0,1237762536470
2009-03-22T22:56:27.960Z,60.49516666666667,-152.77266666666668,-3,0,1237762587960
2009-03-22T23:02:26.790Z,60.465833333333336,-152.7655,-0.45,0,1237762946790
2009-03-22T23:05:34.520Z,60.499,-152.76916666666668,-3,0.1,1237763134520
2009-03-22T23:06:03.250Z,60.489666666666665,-152.76483333333334,0.67,0.1,1237763163250
2009-03-22T23:07:33.370Z,60.49466666666667,-152.77266666666668,-3,0,1237763253370
2009-03-22T23:15:56.980Z,60.484,-152.76716666666667,-3,0,1237763756980
2009-03-22T23:24:26.240Z,60.503,-152.78833333333333,0.61,0.1,1237764266240
2009-03-22T23:27:03.040Z,60.48833333333334,-152.768,-0.25,0.1,1237764423040
2009-03-22T23:30:07.160Z,60.48733333333333,-152.77233333333334,-0.63,0,1237764607160
2009-03-22T23:40:59.870Z,60.50216666666667,-152.7755,-3,0.1,1237765259870
2009-03-22T23:42:29.400Z,60.48983333333334,-152.7675,-2.97,0,1237765349400
2009-03-22T23:48:16.260Z,60.5075,-152.77233333333334,-1.7,0.1,1237765696260
2009-03-22T23:54:08.630Z,60.48266666666667,-152.74883333333332,-3,0,1237766048630
2009-03-22T23:58:23.040Z,60.49483333333333,-152.77316666666667,0.37,0.1,1237766303040
2009-03-23T00:02:39.370Z,60.5015,-152.775,3.04,0.1,1237766559370
2009-03-23T00:04:47.830Z,60.49333333333333,-152.78133333333332,-3,0.1,1237766687830
2009-03-23T00:13:58.020Z,60.4895,-152.77083333333334,-0.67,0.1,1237767238020
2009-03-23T00:23:22.240Z,60.507333333333335,-152.76716666666667,-2.65,0.1,1237767802240
2009-03-23T00:33:06.540Z,60.49433333333333,-152.77883333333332,-3,0,1237768386540
2009-03-23T00:35:36.300Z,60.4945,-152.77383333333333,0.79,0,1237768536300
2009-03-23T00:47:15.590Z,60.497166666666665,-152.77016666666665,0.77,0.1,1237769235590
2009-03-23T00:51:57.550Z,60.480333333333334,-152.78466666666668,-3,0.1,1237769517550
2009-03-23T00:57:20.950Z,60.48983333333334,-152.766,-3,0.1,1237769840950
2009-03-23T01:02:22.180Z,60.491166666666665,-152.77316666666667,-3,0.1,1237770142180
2009-03-23T01:06:36.460Z,60.480666666666664,-152.771,-0.57,0.1,1237770396460
2009-03-23T01:08:33.600Z,60.49033333333333,-152.77816666666666,-3,0,1237770513600
2009-03-23T01:10:41.100Z,60.49,-152.772,-3,0,1237770641100
2009-03-23T01:14:16.480Z,60.4865,-152.77433333333335,-3,0,1237770856480
2009-03-23T01:34:47.700Z,60.492666666666665,-152.77216666666666,-3,0.1,1237772087700
2009-03-23T01:35:12.570Z,60.4745,-152.7435,4.78,0,1237772112570
2009-03-23T01:46:00.360Z,60.48716666666667,-152.77216666666666,-3,0.1,1237772760360
2009-03-23T01:57:32.400Z,60.49216666666667,-152.77733333333333,0.51,0.1,1237773452400
2009-03-23T01:57:58.460Z,60.492333333333335,-152.76766666666666,1.9,0,1237773478460
2009-03-23T02:00:34.550Z,60.49033333333333,-152.7675,-3,0.1,1237773634550
2009-03-23T02:05:17.940Z,60.491,-152.7695,2.78,0,1237773917940
2009-03-23T02:07:46.120Z,60.483333333333334,-152.76616666666666,0.76,0.1,1237774066120
2009-03-23T02:08:09.540Z,60.493833333333335,-152.76416666666665,-3,0.1,1237774089540
2009-03-23T02:08:39.970Z,60.4905,-152.7695,0.02,0.1,1237774119970
2009-03-23T02:12:41.230Z,60.473166666666664,-152.73366666666666,-3,0,1237774361230
2009-03-23T02:18:13.650Z,60.488,-152.77266666666668,-3,0.1,1237774693650
2009-03-23T02:34:20.750Z,60.501,-152.73,-3,0,1237775660750
2009-03-23T02:35:48.270Z,60.48983333333334,-152.77133333333333,-0.61,0.1,1237775748270
2009-03-23T02:38:48.680Z,60.484,-152.75616666666667,0.05,0,1237775928680
2009-03-23T02:38:55.330Z,60.489666666666665,-152.772,-0.61,0,1237775935330
2009-03-23T02:39:58.400Z,60.49666666666667,-152.76266666666666,0.71,0.1,1237775998400
2009-03-23T02:43:11.380Z,60.501333333333335,-152.77616666666665,2.9,0.1,1237776191380
2009-03-23T02:45:48.440Z,60.478833333333334,-152.72483333333332,3,0,1237776348440
2009-03-23T02:47:58.090Z,60.49,-152.76266666666666,2.51,0,1237776478090
2009-03-23T02:54:58.500Z,60.49966666666667,-152.76716666666667,0.56,0.1,1237776898500
2009-03-23T02:57:20.950Z,60.48916666666667,-152.77416666666667,-0.62,0.1,1237777040950
2009-03-23T03:04:41.140Z,60.48433333333333,-152.7715,0.15,0,1237777481140
2009-03-23T03:05:06.170Z,60.4975,-152.76816666666667,-0.35,0.1,1237777506170
2009-03-23T03:09:09.390Z,60.49216666666667,-152.77183333333335,0,0.1,1237777749390
2009-03-23T03:23:26.720Z,60.4945,-152.76716666666667,0.02,0.1,1237778606720
2009-03-23T03:33:45.850Z,60.50266666666667,-152.77516666666668,-0.71,0.1,1237779225850
2009-03-23T03:35:16.440Z,60.48866666666667,-152.7965,4.16,0,1237779316440
2009-03-23T03:40:16.100Z,60.4715,-152.7605,0.12,0.1,1237779616100
2009-03-23T03:41:42.750Z,60.499,-152.7735,0.41,0.1,1237779702750
2009-03-23T03:43:59.390Z,60.49516666666667,-152.74366666666666,-3,0,1237779839390
2009-03-23T03:52:14.080Z,60.495,-152.77883333333332,-3,0,1237780334080
2009-03-23T03:53:32.180Z,60.51,-152.77716666666666,-3,0,1237780412180
2009-03-23T03:54:54.970Z,60.49,-152.76216666666667,0.67,0,1237780494970
2009-03-23T03:55:11.530Z,60.48833333333334,-152.7655,-3,0.1,1237780511530
2009-03-23T03:56:02.400Z,60.48683333333334,-152.77783333333332,-3,0.1,1237780562400
2009-03-23T03:57:24.850Z,60.51583333333333,-152.74083333333334,2.7,0,1237780644850
2009-03-23T04:00:58.750Z,60.48,-152.7685,-2.65,0.1,1237780858750
2009-03-23T04:01:21.900Z,60.50066666666667,-152.771,-1.71,0.1,1237780881900
2009-03-23T04:01:57.560Z,60.48466666666667,-152.768,0.65,0,1237780917560
2009-03-23T04:08:12.330Z,60.5005,-152.76516666666666,0.54,0.1,1237781292330
2009-03-23T04:29:15.420Z,60.49583333333333,-152.76933333333332,-2.49,0.1,1237782555420
2009-03-23T04:30:59.870Z,60.48316666666667,-152.7735,-1.73,0.1,1237782659870
2009-03-23T04:32:10.300Z,60.491,-152.7725,0.31,0,1237782730300
2009-03-23T04:34:57.810Z,60.4935,-152.77066666666667,-3,0.1,1237782897810
2009-03-23T04:36:56.190Z,60.491166666666665,-152.76733333333334,0.07,0,1237783016190
2009-03-23T04:40:51.630Z,60.493,-152.76783333333333,2.22,0.1,1237783251630
2009-03-23T04:44:02.390Z,60.4965,-152.77983333333333,-3,0,1237783442390
2009-03-23T04:55:24.370Z,60.49966666666667,-152.77,0.09,0,1237784124370
2009-03-23T05:18:07.740Z,60.476333333333336,-152.75616666666667,2.43,0,1237785487740
2009-03-23T07:59:13.390Z,60.486,-152.76716666666667,0.21,0.1,1237795153390
2009-03-23T08:00:11.920Z,60.48616666666667,-152.76883333333333,0.52,0.1,1237795211920
2009-03-25T07:42:07.380Z,60.03816666666667,-153.08283333333333,-3,0,1237966927380
2009-03-27T13:38:53.850Z,61.3375,-152.57466666666667,3.57,0.1,1238161133850
2009-03-30T01:29:41.690Z,61.31766666666667,-152.2355,-0.82,0,1238376581690
2009-03-31T04:17:39.210Z,60.47416666666667,-152.76766666666666,-3,0.1,1238473059210
2009-04-04T22:04:25.610Z,60.50083333333333,-152.746,3.79,0.1,1238882665610
2009-04-04T23:05:25.950Z,60.4985,-152.75466666666668,3.58,0,1238886325950
2009-04-05T03:09:58.250Z,60.531,-152.71566666666666,7.03,0,1238900998250
2009-04-07T15:49:57.610Z,60.5365,-152.77583333333334,4.37,0,1239119397610
2009-04-07T21:57:12.910Z,60.49883333333333,-152.75716666666668,3.36,0.1,1239141432910
2009-04-08T04:36:05.740Z,60.52433333333333,-152.85166666666666,4.65,0.1,1239165365740
2009-04-09T01:43:34.170Z,60.512,-152.71283333333332,7.45,0.1,1239241414170
2009-04-09T12:38:45.620Z,60.49816666666667,-152.69316666666666,6.57,0.1,1239280725620
2009-04-09T19:16:53.450Z,60.4945,-152.752,3.29,0.1,1239304613450
2009-04-09T19:17:46.680Z,60.49366666666667,-152.75183333333334,3.24,0,1239304666680
2009-04-09T21:22:08.670Z,60.53033333333333,-152.77266666666668,4.65,0,1239312128670
2009-04-10T01:21:19.430Z,60.5235,-152.776,4.98,0,1239326479430
2009-04-10T03:10:09.770Z,60.523,-152.7775,4.55,0,1239333009770
2009-04-10T07:09:28.240Z,59.357,-153.42516666666666,-0.21,0.1,1239347368240
2009-04-11T01:30:06.550Z,60.514833333333335,-152.7135,6.48,0.1,1239413406550
2009-04-11T20:49:33.250Z,60.51283333333333,-152.72666666666666,6.1,0,1239482973250
2009-04-12T17:49:45.000Z,60.49466666666667,-152.74366666666666,2.83,0.1,1239558585000
2009-04-12T18:01:38.740Z,60.52583333333333,-152.82416666666666,5.54,0.1,1239559298740
2009-04-14T01:21:48.140Z,60.4855,-152.7675,-3,0.1,1239672108140
2009-04-15T09:49:30.380Z,60.551833333333335,-152.78083333333333,8.49,0,1239788970380
2009-04-16T12:20:15.460Z,58.23883333333333,-155.16,1.79,0.1,1239884415460
2009-04-16T22:05:19.080Z,60.498333333333335,-152.7805,-0.43,0,1239919519080
2009-04-17T02:57:26.050Z,58.2355,-155.17516666666666,2.27,0,1239937046050
2009-04-17T03:17:26.870Z,60.4985,-152.66583333333332,6.78,0.1,1239938246870
2009-04-17T06:42:54.890Z,60.46,-152.73833333333334,-2.97,0,1239950574890
2009-04-17T08:44:39.300Z,60.49316666666667,-152.7665,-3,0.1,1239957879300
2009-04-17T11:35:19.470Z,60.48616666666667,-152.76466666666667,-3,0,1239968119470
2009-04-17T14:06:56.660Z,60.47966666666667,-152.7715,-3,0.1,1239977216660
2009-04-17T17:03:11.460Z,58.23833333333334,-155.14833333333334,-0.04,0,1239987791460
2009-04-17T19:01:57.220Z,60.49933333333333,-152.75766666666667,5.17,0,1239994917220
2009-04-18T08:05:21.600Z,60.489333333333335,-152.78683333333333,1.31,0,1240041921600
2009-04-18T16:48:34.140Z,60.485,-152.8125,2.78,0.1,1240073314140
2009-04-19T16:25:49.200Z,60.48833333333334,-152.80866666666665,2.21,0.1,1240158349200
2009-04-19T18:59:16.610Z,60.5455,-152.8195,6.42,0.1,1240167556610
2009-04-19T21:29:47.010Z,60.522666666666666,-152.794,4.86,0,1240176587010
2009-04-20T09:36:44.630Z,60.5195,-152.75316666666666,5.99,0,1240220204630
2009-04-20T15:23:01.770Z,60.51616666666666,-152.7625,2.65,0,1240240981770
2009-04-20T19:00:38.700Z,60.48316666666667,-152.75333333333333,7.53,0,1240254038700
2009-04-21T06:57:25.000Z,60.47816666666667,-152.8035,6.25,0.1,1240297045000
2009-04-21T08:25:20.470Z,60.490833333333335,-152.8035,3.4,0.1,1240302320470
2009-04-22T00:40:56.430Z,60.483666666666664,-152.707,-3,0.1,1240360856430
2009-04-22T02:02:42.180Z,60.483333333333334,-152.81083333333333,1.75,0.1,1240365762180
2009-04-22T04:27:06.560Z,60.495666666666665,-152.7975,-2.66,0.1,1240374426560
2009-04-22T06:18:20.610Z,60.506,-152.76716666666667,-2.97,0,1240381100610
2009-04-22T17:14:42.310Z,60.5125,-152.78266666666667,4.41,0.1,1240420482310
2009-04-22T21:08:01.170Z,60.503166666666665,-152.802,4.57,0,1240434481170
2009-04-23T04:15:00.810Z,60.470666666666666,-152.79516666666666,4.6,0.1,1240460100810
2009-04-23T08:53:31.370Z,60.498666666666665,-152.70216666666667,8.21,0,1240476811370
2009-04-23T08:55:32.500Z,60.48833333333334,-152.76816666666667,6.68,0,1240476932500
2009-04-23T09:48:22.410Z,60.528333333333336,-152.813,5.16,0,1240480102410
2009-04-23T20:15:56.150Z,60.507666666666665,-152.75916666666666,8.02,0,1240517756150
2009-04-23T21:35:39.940Z,60.5085,-152.74866666666668,5.57,0.1,1240522539940
2009-04-23T22:48:55.540Z,60.523833333333336,-152.71616666666668,7.22,0,1240526935540
2009-04-24T01:48:52.470Z,60.49183333333333,-152.83566666666667,5.42,0,1240537732470
2009-04-24T02:35:20.090Z,60.49583333333333,-152.8,4.63,0,1240540520090
2009-04-24T13:02:51.840Z,60.494166666666665,-152.73133333333334,8.41,0.1,1240578171840
2009-04-24T13:26:43.730Z,60.50066666666667,-152.717,6.69,0.1,1240579603730
2009-04-24T15:01:29.770Z,60.4975,-152.79333333333332,0.53,0.1,1240585289770
2009-04-25T02:15:06.330Z,60.49633333333333,-152.79433333333333,8.01,0,1240625706330
2009-04-25T09:56:59.590Z,60.486333333333334,-152.78266666666667,4.05,0.1,1240653419590
2009-04-25T10:42:03.170Z,60.51283333333333,-152.81416666666667,2.98,0.1,1240656123170
2009-04-28T13:16:15.510Z,60.48,-152.80166666666668,0.37,0,1240924575510
2009-04-28T14:55:08.340Z,60.508,-152.77516666666668,5.68,0.1,1240930508340
2009-04-28T16:11:48.160Z,60.50783333333333,-152.772,4.4,0,1240935108160
2009-04-28T19:34:50.140Z,60.4915,-152.78716666666668,3.39,0.1,1240947290140
2009-04-28T21:31:55.970Z,60.51683333333333,-152.7525,11.39,0,1240954315970
2009-04-28T22:03:52.250Z,60.4945,-152.795,3.7,0,1240956232250
2009-04-29T00:00:58.710Z,60.49666666666667,-152.813,-3,0,1240963258710
2009-04-29T01:39:31.410Z,60.5045,-152.7205,6.21,0,1240969171410
2009-04-30T02:29:06.870Z,60.516666666666666,-152.74066666666667,11.05,0.1,1241058546870
2009-04-30T05:41:49.920Z,60.04716666666667,-153.06633333333335,-2.98,0.1,1241070109920
2009-04-30T09:36:52.320Z,60.486666666666665,-152.799,7.56,0.1,1241084212320
2009-04-30T10:50:51.700Z,60.5005,-152.7845,7.29,0.1,1241088651700
2009-04-30T11:26:47.350Z,60.513666666666666,-152.74783333333335,5.59,0,1241090807350
2009-04-30T14:24:29.610Z,60.504666666666665,-152.7945,-3,0,1241101469610
2009-04-30T18:39:19.900Z,60.504666666666665,-152.70966666666666,6.8,0,1241116759900
2009-04-30T19:37:42.370Z,60.505,-152.7595,7.08,0,1241120262370
2009-04-30T20:02:28.900Z,60.5085,-152.7695,7.7,0.1,1241121748900
2009-05-01T01:39:24.390Z,60.46666666666667,-152.77866666666668,6.34,0,1241141964390
2009-05-01T04:05:09.680Z,60.491,-152.80083333333334,5.58,0.1,1241150709680
2009-05-01T15:37:35.760Z,60.498333333333335,-152.75283333333334,4.78,0,1241192255760
2009-05-01T18:07:53.910Z,60.4865,-152.80816666666666,7,0,1241201273910
2009-05-01T20:12:48.510Z,60.49516666666667,-152.78133333333332,2.83,0,1241208768510
2009-05-01T21:27:00.240Z,60.50483333333333,-152.80266666666665,3.3,0,1241213220240
2009-05-01T21:28:51.980Z,60.523666666666664,-152.73966666666666,10.07,0.1,1241213331980
2009-05-01T23:15:41.150Z,60.496833333333335,-152.80216666666666,3.66,0,1241219741150
2009-05-02T01:21:05.680Z,60.49583333333333,-152.7985,5.24,0,1241227265680
2009-05-02T02:02:26.600Z,60.495666666666665,-152.78433333333334,4.54,0.1,1241229746600
2009-05-02T03:09:15.110Z,60.4985,-152.78083333333333,3.75,0.1,1241233755110
2009-05-02T05:34:43.640Z,60.4905,-152.80083333333334,7.33,0,1241242483640
2009-05-02T07:52:33.060Z,60.498,-152.83216666666667,5.5,0.1,1241250753060
2009-05-02T09:20:13.210Z,60.504,-152.75516666666667,7.32,0,1241256013210
2009-05-02T09:36:41.330Z,60.499833333333335,-152.74283333333332,5.73,0,1241257001330
2009-05-02T12:27:14.710Z,60.49933333333333,-152.74983333333333,5.4,0.1,1241267234710
2009-05-02T19:45:29.490Z,60.497166666666665,-152.78183333333334,3.15,0,1241293529490
2009-05-03T01:05:01.080Z,60.49333333333333,-152.78616666666667,2.92,0,1241312701080
2009-05-03T01:22:35.170Z,60.49783333333333,-152.78516666666667,4.05,0.1,1241313755170
2009-05-03T09:06:19.110Z,60.4985,-152.79016666666666,3.55,0.1,1241341579110
2009-05-03T13:33:35.940Z,60.50183333333333,-152.795,5.76,0,1241357615940
2009-05-03T19:11:29.450Z,60.49783333333333,-152.78833333333333,3.56,0,1241377889450
2009-05-03T20:11:44.350Z,60.49816666666667,-152.78433333333334,4.11,0.1,1241381504350
2009-05-03T23:30:30.400Z,60.496833333333335,-152.78683333333333,3.17,0.1,1241393430400
2009-05-04T00:20:19.090Z,60.4975,-152.789,3.5,0,1241396419090
2009-05-04T14:51:25.420Z,60.483,-152.80716666666666,1.32,0.1,1241448685420
2009-05-04T18:23:46.010Z,60.50116666666667,-152.76333333333332,0.4,0.1,1241461426010
2009-05-04T19:25:48.980Z,60.48133333333333,-152.71266666666668,6.32,0.1,1241465148980
2009-05-04T21:05:36.540Z,61.17633333333333,-152.19933333333333,4.1,0.1,1241471136540
2009-05-05T03:21:47.690Z,60.4645,-152.70316666666668,8.21,0.1,1241493707690
2009-05-05T04:25:10.180Z,51.95333333333333,179.554,4.79,0.1,1241497510180
2009-05-05T12:35:49.370Z,60.500166666666665,-152.80333333333334,3.76,0,1241526949370
2009-05-05T12:53:12.280Z,60.494166666666665,-152.78216666666665,3.58,0.1,1241527992280
2009-05-06T02:37:34.490Z,60.4975,-152.79666666666665,2.09,0,1241577454490
2009-05-06T05:03:12.680Z,60.49433333333333,-152.79033333333334,3.81,0.1,1241586192680
2009-05-07T08:28:55.720Z,60.5125,-152.743,7.67,0.1,1241684935720
2009-05-08T01:54:37.460Z,58.190666666666665,-155.29866666666666,-3,0,1241747677460
2009-05-08T04:05:05.300Z,60.5245,-152.81816666666666,11.81,0.1,1241755505300
2009-05-08T20:43:33.190Z,60.4805,-152.80666666666667,1.76,0,1241815413190
2009-05-08T22:23:59.430Z,60.5015,-152.7875,1.28,0.1,1241821439430
2009-05-09T09:12:44.160Z,60.518,-152.70716666666667,6.52,0.1,1241860364160
2009-05-10T13:45:18.490Z,60.504333333333335,-152.7845,1.14,0.1,1241963118490
2009-05-11T00:26:46.590Z,60.48566666666667,-152.69016666666667,6.42,0,1242001606590
2009-05-11T01:29:16.590Z,58.175,-155.3575,1.72,0.1,1242005356590
2009-05-11T05:43:54.440Z,60.49666666666667,-152.71066666666667,7.33,0,1242020634440
2009-05-11T07:04:27.860Z,60.499833333333335,-152.789,3.29,0.1,1242025467860
2009-05-12T07:06:35.850Z,60.54683333333333,-152.78816666666665,-3,0.1,1242111995850
2009-05-12T13:53:40.050Z,58.18716666666667,-155.26016666666666,-3,0,1242136420050
2009-05-12T17:14:30.330Z,60.03066666666667,-153.07383333333334,2.07,0,1242148470330
2009-05-12T17:45:55.950Z,58.22116666666667,-155.14733333333334,-3,0,1242150355950
2009-05-14T10:08:42.550Z,58.277833333333334,-154.99633333333333,1.54,0.1,1242295722550
2009-05-14T19:22:31.510Z,60.51766666666666,-152.76666666666668,6.8,0,1242328951510
2009-05-14T22:42:10.550Z,60.525,-152.76483333333334,4.56,0.1,1242340930550
2009-05-16T02:35:02.430Z,53.90833333333333,-166.6735,1.93,0.1,1242441302430
2009-05-16T05:26:09.750Z,60.49216666666667,-152.80483333333333,2.19,0.1,1242451569750
2009-05-17T07:11:43.570Z,60.4805,-152.67783333333333,3.92,0.1,1242544303570
2009-05-20T07:44:11.220Z,52.34866666666667,-174.1865,4.13,0,1242805451220
2009-05-21T01:31:00.420Z,60.50033333333333,-152.788,3.02,0,1242869460420
2009-05-21T01:44:02.660Z,60.50633333333333,-152.778,5.31,0.1,1242870242660
2009-05-21T12:34:17.020Z,58.163666666666664,-155.356,0.25,0.1,1242909257020
2009-05-22T08:46:40.010Z,60.483333333333334,-152.80933333333334,1.49,0.1,1242982000010
2009-05-22T22:32:26.520Z,58.1885,-155.25533333333334,-3,0.1,1243031546520
2009-05-23T11:30:42.220Z,60.49283333333333,-152.725,8.95,0,1243078242220
2009-05-24T04:04:31.760Z,60.0525,-153.04166666666666,1.63,0.1,1243137871760
2009-05-24T04:05:08.020Z,60.04933333333334,-153.0495,1.02,0.1,1243137908020
2009-05-24T13:36:30.440Z,60.46366666666667,-152.78466666666668,8.29,0,1243172190440
2009-05-25T19:30:26.790Z,60.49433333333333,-152.70316666666668,8.58,0,1243279826790
2009-05-26T04:52:34.200Z,60.52433333333333,-152.80583333333334,2.23,0,1243313554200
2009-05-26T18:48:26.270Z,58.225,-155.1695,1.65,0.1,1243363706270
2009-05-26T18:55:30.040Z,61.311166666666665,-152.231,-2.28,0.1,1243364130040
2009-05-27T00:25:18.660Z,60.475833333333334,-152.80133333333333,1.76,0.1,1243383918660
2009-05-27T08:55:13.130Z,58.280833333333334,-154.9955,1.9,0.1,1243414513130
2009-05-28T13:32:59.440Z,60.47866666666667,-152.75133333333332,4.49,0,1243517579440
2009-05-28T15:20:11.980Z,58.12466666666667,-155.393,1.42,0.1,1243524011980
2009-05-29T02:10:40.540Z,60.527166666666666,-152.68083333333334,6.25,0.1,1243563040540
2009-05-30T04:36:35.850Z,60.50066666666667,-152.83983333333333,3.63,0.1,1243658195850
2009-05-30T04:47:59.520Z,60.04,-153.05866666666665,2.32,0,1243658879520
2009-05-31T05:05:04.250Z,60.525,-152.80583333333334,7.81,0,1243746304250
2009-05-31T13:24:54.860Z,60.499833333333335,-152.72016666666667,7.4,0.1,1243776294860
2009-06-01T21:00:33.820Z,60.50183333333333,-152.76183333333333,4.15,0,1243890033820
2009-06-03T05:22:09.430Z,60.46666666666667,-152.80866666666665,2.5,0,1244006529430
2009-06-03T08:46:14.290Z,60.529333333333334,-152.77533333333332,7.9,0.1,1244018774290
2009-06-03T11:34:06.550Z,60.534,-152.78116666666668,4.76,0.1,1244028846550
2009-06-03T17:52:49.150Z,60.4675,-152.77483333333333,6.01,0,1244051569150
2009-06-04T05:43:49.670Z,58.18833333333333,-155.2775,1.17,0.1,1244094229670
2009-06-05T05:40:41.590Z,60.471333333333334,-152.80633333333333,0.91,0.1,1244180441590
2009-06-05T21:45:32.200Z,61.175333333333334,-152.23466666666667,5.34,0.1,1244238332200
2009-06-05T22:22:42.580Z,58.16983333333334,-155.37733333333333,1.8,0.1,1244240562580
2009-06-06T09:43:01.080Z,61.3655,-152.2685,3.42,0.1,1244281381080
2009-06-07T11:56:29.290Z,60.5045,-152.71283333333332,3.24,0.1,1244375789290
2009-06-08T06:13:43.690Z,60.5295,-152.7915,4.48,0.1,1244441623690
2009-06-08T06:24:53.420Z,60.49016666666667,-152.7965,0.43,0,1244442293420
2009-06-08T08:18:09.040Z,60.478833333333334,-152.80533333333332,2.99,0.1,1244449089040
2009-06-11T21:18:40.880Z,58.2425,-155.481,0.77,0.1,1244755120880
2009-06-12T03:19:56.520Z,60.523,-152.73883333333333,5.41,0.1,1244776796520
2009-06-13T19:19:01.730Z,52.3805,-174.18866666666668,4.92,0.1,1244920741730
2009-06-16T00:50:42.520Z,58.16766666666667,-155.356,1.01,0,1245113442520
2009-06-16T04:50:20.460Z,60.49516666666667,-152.7135,7.69,0,1245127820460
2009-06-16T10:10:22.630Z,61.31483333333333,-152.25866666666667,6.15,0.1,1245147022630
2009-06-16T11:04:37.470Z,52.3335,-174.16666666666666,2.33,0.1,1245150277470
2009-06-16T20:01:53.130Z,54.76083333333333,-164.0145,-3,0.1,1245182513130
2009-06-16T20:41:01.710Z,58.24133333333333,-155.1475,-3,0,1245184861710
2009-06-17T05:40:12.790Z,60.47383333333333,-152.79416666666665,0.47,0.1,1245217212790
2009-06-19T06:16:13.100Z,61.047,-152.3425,14.52,0.1,1245392173100
2009-06-19T21:13:14.090Z,60.507333333333335,-152.7535,1.38,0.1,1245445994090
2009-06-20T10:09:59.590Z,60.494,-152.72966666666667,2.16,0.1,1245492599590
2009-06-23T09:12:20.290Z,60.4515,-152.8045,4.69,0.1,1245748340290
2009-06-24T13:17:40.180Z,54.76566666666667,-163.95833333333334,-3,0.1,1245849460180
2009-06-25T20:59:31.330Z,58.19233333333333,-155.28183333333334,2.6,0,1245963571330
2009-06-26T12:47:30.310Z,58.187333333333335,-155.3555,1.94,0.1,1246020450310
2009-06-27T05:12:49.960Z,60.52333333333333,-152.76483333333334,5.68,0,1246079569960
2009-06-27T05:12:49.960Z,60.52333333333333,-152.76483333333334,5.68,0,1246079569960
2009-06-27T15:14:56.970Z,60.52766666666667,-152.78116666666668,4.19,0.1,1246115696970
2009-06-28T16:21:17.040Z,60.501333333333335,-152.758,4.89,0,1246206077040
2009-06-28T18:05:55.630Z,53.92816666666667,-166.62566666666666,3.28,0.1,1246212355630
2009-06-30T01:59:24.380Z,53.875166666666665,-166.88183333333333,-2.58,0.1,1246327164380
2009-06-30T02:12:02.160Z,53.92466666666667,-166.72233333333332,2.65,0.1,1246327922160
2009-06-30T09:52:59.730Z,60.5195,-152.77583333333334,4.05,0,1246355579730
2009-07-01T02:21:37.370Z,60.514,-152.6945,5.76,0.1,1246414897370
2009-07-01T06:38:03.560Z,60.461,-152.7585,2.49,0,1246430283560
2009-07-01T18:54:16.850Z,58.246,-155.06583333333333,0.68,0,1246474456850
2009-07-01T21:03:51.990Z,61.040333333333336,-152.24033333333333,10.96,0,1246482231990
2009-07-02T06:13:45.340Z,61.28783333333333,-152.343,2.88,0.1,1246515225340
2009-07-02T13:24:05.350Z,52.314,-174.17366666666666,4.84,0.1,1246541045350
2009-07-02T13:42:37.390Z,52.30733333333333,-174.19916666666666,4.04,0.1,1246542157390
2009-07-02T13:52:05.610Z,52.3225,-174.17533333333333,1.2,0,1246542725610
2009-07-03T00:50:04.610Z,59.36333333333334,-153.42666666666668,-0.91,0.1,1246582204610
2009-07-03T19:26:28.480Z,60.4755,-152.78683333333333,4.4,0.1,1246649188480
2009-07-03T21:43:59.260Z,60.475,-152.6695,-2.16,0,1246657439260
2009-07-04T11:20:23.850Z,60.52616666666667,-152.74733333333333,0.43,0,1246706423850
2009-07-05T00:08:27.060Z,58.17633333333333,-155.27483333333333,1.98,0,1246752507060
2009-07-05T03:19:37.910Z,58.177,-155.34716666666668,0.58,0,1246763977910
2009-07-06T07:24:13.380Z,58.15416666666667,-155.39766666666668,2.57,0.1,1246865053380
2009-07-06T11:12:40.970Z,58.1695,-155.34133333333332,-1.38,0.1,1246878760970
2009-07-06T16:49:25.980Z,60.508,-152.70066666666668,8.74,0.1,1246898965980
2009-07-08T07:05:27.510Z,61.12416666666667,-152.23833333333334,0.88,0.1,1247036727510
2009-07-09T20:05:51.880Z,58.14833333333333,-155.54266666666666,5,0,1247169951880
2009-07-10T01:06:47.520Z,58.170833333333334,-155.351,1.02,0,1247188007520
2009-07-10T09:35:47.110Z,53.926833333333335,-166.675,4.5,0.1,1247218547110
2009-07-10T23:01:46.860Z,60.553333333333335,-152.7995,1.25,0,1247266906860
2009-07-11T14:48:09.870Z,54.15683333333333,-165.97366666666667,1.16,0.1,1247323689870
2009-07-11T18:44:28.660Z,58.18266666666667,-155.28083333333333,-3,0,1247337868660
2009-07-11T19:50:15.300Z,53.940333333333335,-166.75816666666665,6.58,0.1,1247341815300
2009-07-18T00:32:12.430Z,60.5595,-152.78,7.1,0,1247877132430
2009-07-18T04:30:00.660Z,60.56283333333333,-152.7765,6.4,0,1247891400660
2009-07-18T08:24:38.150Z,60.55383333333333,-152.795,7.2,0.1,1247905478150
2009-07-20T16:17:56.700Z,60.484,-152.76966666666667,0.75,0,1248106676700
2009-07-23T22:38:32.690Z,54.1535,-165.983,2.13,0,1248388712690
2009-07-24T08:19:45.470Z,58.27166666666667,-155.0045,1.27,0.1,1248423585470
2009-07-26T02:50:44.730Z,60.54483333333334,-152.77233333333334,8.39,0,1248576644730
2009-07-27T05:28:00.210Z,61.328833333333336,-152.08866666666665,3.89,0.1,1248672480210
2009-07-28T03:48:00.080Z,61.3175,-152.24383333333333,3.66,0.1,1248752880080
2009-07-28T22:39:41.670Z,51.930166666666665,179.56933333333333,4.32,0,1248820781670
2009-07-29T15:25:59.340Z,54.750166666666665,-163.981,4.94,0.1,1248881159340
2009-07-30T11:31:21.590Z,60.518,-152.7215,6.15,0.1,1248953481590
2009-07-31T06:37:07.450Z,58.192166666666665,-155.287,2,0.1,1249022227450
2009-07-31T12:32:57.800Z,60.546166666666664,-152.78816666666665,8.07,0,1249043577800
2009-07-31T13:56:04.250Z,58.23266666666667,-155.144,-1.5,0.1,1249048564250
2009-07-31T17:16:06.610Z,60.521166666666666,-152.71866666666668,4.8,0,1249060566610
2009-07-31T23:44:53.860Z,61.199,-151.92316666666667,7.88,0,1249083893860
2009-08-01T00:46:48.420Z,61.32116666666667,-152.26216666666667,2.45,0.1,1249087608420
2009-08-01T11:05:03.600Z,61.26716666666667,-152.15466666666666,-1.66,0,1249124703600
2009-08-01T20:15:21.340Z,58.16733333333333,-155.35533333333333,2.18,0.1,1249157721340
2009-08-01T23:16:05.740Z,60.55233333333334,-152.84,9.36,0.1,1249168565740
2009-08-04T07:29:33.020Z,60.500166666666665,-152.75533333333334,5.22,0.1,1249370973020
2009-08-06T04:45:19.680Z,60.547,-152.81066666666666,1.75,0,1249533919680
2009-08-08T07:34:13.950Z,60.49733333333333,-152.67433333333332,8.1,0,1249716853950
2009-08-08T22:24:53.170Z,60.4875,-152.76966666666667,0.81,0,1249770293170
2009-08-09T04:14:32.380Z,54.148833333333336,-165.97283333333334,1.03,0.1,1249791272380
2009-08-09T10:46:08.720Z,61.32033333333333,-152.25983333333335,3.64,0.1,1249814768720
2009-08-09T13:38:27.610Z,58.205666666666666,-155.24733333333333,4.38,0,1249825107610
2009-08-10T07:53:42.660Z,53.26533333333333,-168.10383333333334,-2.9,0.1,1249890822660
2009-08-11T01:36:52.470Z,58.1665,-155.306,0.54,0.1,1249954612470
2009-08-12T05:47:52.620Z,61.330333333333336,-152.10866666666666,4.59,0,1250056072620
2009-08-14T17:24:17.450Z,60.51416666666667,-152.90683333333334,0.77,0.1,1250270657450
2009-08-17T01:32:06.520Z,58.19116666666667,-155.25216666666665,1.09,0.1,1250472726520
2009-08-17T02:30:36.980Z,58.23916666666667,-155.1395,1.35,0,1250476236980
2009-08-17T18:30:09.830Z,54.7535,-163.98283333333333,-3,0,1250533809830
2009-08-18T05:30:00.330Z,58.1715,-155.34916666666666,1.06,0,1250573400330
2009-08-18T05:52:20.890Z,54.75416666666667,-163.97916666666666,-3,0.1,1250574740890
2009-08-19T09:42:37.570Z,58.17516666666667,-155.30466666666666,2.25,0.1,1250674957570
2009-08-20T06:52:21.370Z,54.76716666666667,-164.00883333333334,-3,0,1250751141370
2009-08-20T14:21:01.640Z,61.041666666666664,-152.49616666666665,3.85,0.1,1250778061640
2009-08-21T04:27:30.860Z,60.58316666666666,-152.885,9.27,0.1,1250828850860
2009-08-22T09:30:51.730Z,60.509,-152.761,5.34,0,1250933451730
2009-08-23T05:14:34.540Z,58.22716666666667,-155.16216666666668,-3,0.1,1251004474540
2009-08-24T15:50:19.840Z,61.31516666666667,-152.26416666666665,4.01,0.1,1251129019840
2009-08-31T11:54:26.600Z,60.50216666666667,-152.75066666666666,4.89,0.1,1251719666600
2009-09-01T18:13:00.830Z,60.502833333333335,-152.75216666666665,5.59,0,1251828780830
2009-09-01T20:19:42.570Z,60.567,-152.88633333333334,8.84,0,1251836382570
2009-09-01T21:32:53.990Z,61.2285,-152.24383333333333,3.35,0,1251840773990
2009-09-04T00:23:04.530Z,61.17466666666667,-152.449,-3,0.1,1252023784530
2009-09-04T05:55:06.920Z,59.358333333333334,-153.42816666666667,-0.91,0,1252043706920
2009-09-04T15:45:30.650Z,61.301833333333335,-152.23116666666667,2.4,0.1,1252079130650
2009-09-04T17:48:27.510Z,60.71333333333333,-152.64216666666667,0.54,0.1,1252086507510
2009-09-05T01:16:54.910Z,58.425666666666665,-154.833,3.17,0.1,1252113414910
2009-09-05T02:25:01.000Z,58.15716666666667,-155.4015,2.07,0,1252117501000
2009-09-05T02:44:31.510Z,58.277,-154.988,2.15,0,1252118671510
2009-09-05T15:05:51.270Z,52.07483333333333,-176.13916666666665,3.77,0.1,1252163151270
2009-09-06T04:29:55.260Z,58.282333333333334,-154.98316666666668,2.67,0.1,1252211395260
2009-09-06T08:04:40.370Z,54.142,-165.95766666666665,2.99,0.1,1252224280370
2009-09-06T14:00:15.820Z,60.469,-152.77683333333334,5.35,0.1,1252245615820
2009-09-07T12:13:52.970Z,58.18066666666667,-155.33183333333332,1.15,0.1,1252325632970
2009-09-08T12:33:31.730Z,58.22566666666667,-155.17,0.41,0,1252413211730
2009-09-09T17:22:39.750Z,58.250166666666665,-155.08766666666668,0.66,0.1,1252516959750
2009-09-10T04:43:24.600Z,61.299,-152.242,2.02,0.1,1252557804600
2009-09-13T19:06:34.490Z,61.32266666666666,-152.26233333333334,-0.1,0.1,1252868794490
2009-09-15T03:07:52.360Z,58.222166666666666,-155.184,-3,0.1,1252984072360
2009-09-15T20:17:21.930Z,58.264,-155.03966666666668,-3,0,1253045841930
2009-09-18T03:28:48.080Z,60.009,-153.06166666666667,2.24,0.1,1253244528080
2009-09-18T10:02:01.790Z,60.4945,-152.79166666666666,-3,0.1,1253268121790
2009-09-19T01:28:28.750Z,60.006,-153.05833333333334,2.32,0.1,1253323708750
2009-09-19T07:50:51.810Z,58.195166666666665,-155.24633333333333,-3,0.1,1253346651810
2009-09-19T11:38:03.930Z,58.2355,-155.1795,-3,0.1,1253360283930
2009-09-19T17:46:37.740Z,58.229,-155.13233333333332,-3,0.1,1253382397740
2009-09-20T05:11:15.200Z,58.1765,-155.34966666666668,-1.49,0,1253423475200
2009-09-20T06:27:08.510Z,58.24966666666667,-155.086,1.78,0.1,1253428028510
2009-09-23T16:17:52.640Z,58.2255,-155.15883333333332,2.14,0.1,1253722672640
2009-09-24T21:11:31.160Z,60.4845,-152.77316666666667,-0.06,0.1,1253826691160
2009-09-27T04:52:14.460Z,60.49,-152.75483333333332,-3,0.1,1254027134460
2009-09-27T12:31:00.080Z,61.18266666666667,-152.294,5.38,0,1254054660080
2009-09-27T21:02:49.050Z,61.317166666666665,-152.276,-1.82,0.1,1254085369050
2009-09-29T04:36:36.980Z,58.27333333333333,-154.99883333333332,1.67,0.1,1254198996980
2009-09-29T18:43:05.020Z,58.23316666666667,-155.17733333333334,-3,0,1254249785020
2009-09-30T16:04:14.040Z,58.24633333333333,-155.12116666666665,-2.42,0,1254326654040
2009-09-30T16:05:24.850Z,58.245666666666665,-155.12433333333334,-3,0.1,1254326724850
2009-09-30T16:09:57.100Z,58.2455,-155.122,-2.81,0,1254326997100
2009-09-30T16:56:59.790Z,58.24333333333333,-155.12383333333332,-3,0,1254329819790
2009-09-30T19:09:18.270Z,58.238166666666665,-155.187,0.91,0,1254337758270
2009-10-01T10:41:52.470Z,58.17483333333333,-155.354,-3,0.1,1254393712470
2009-10-02T17:36:35.870Z,58.2365,-155.14866666666666,1.08,0.1,1254504995870
2009-10-03T07:20:15.380Z,61.31966666666667,-152.3805,4,0,1254554415380
2009-10-03T09:43:45.890Z,61.30866666666667,-152.252,4.37,0.1,1254563025890
2009-10-04T03:13:41.360Z,60.511833333333335,-152.72483333333332,6.3,0,1254626021360
2009-10-04T20:29:54.100Z,58.181333333333335,-155.3485,0.41,0.1,1254688194100
2009-10-09T15:23:18.600Z,58.230333333333334,-155.38083333333333,-3,0,1255101798600
2009-10-11T11:19:15.340Z,58.24133333333333,-155.1385,-2.13,0.1,1255259955340
2009-10-13T23:41:49.760Z,61.303,-152.35266666666666,1.92,0.1,1255477309760
2009-10-14T03:44:53.090Z,60.48766666666667,-152.76733333333334,0.13,0,1255491893090
2009-10-14T05:49:18.440Z,61.0575,-152.30816666666666,14.96,0,1255499358440
2009-10-14T07:44:09.700Z,54.12616666666667,-166.049,4.27,0.1,1255506249700
2009-10-14T12:34:26.370Z,61.14683333333333,-152.2845,5.06,0,1255523666370
2009-10-15T05:17:51.400Z,58.182833333333335,-155.35166666666666,1.99,0,1255583871400
2009-10-15T14:01:31.120Z,60.496833333333335,-152.79283333333333,-0.03,0,1255615291120
2009-10-15T19:46:19.960Z,58.21366666666667,-155.1045,-2.17,0,1255635979960
2009-10-18T01:44:46.860Z,58.191,-155.27766666666668,1.92,0,1255830286860
2009-10-19T00:18:44.440Z,58.172333333333334,-155.37233333333333,3.81,0.1,1255911524440
2009-10-19T01:12:37.440Z,58.240833333333335,-155.1375,-2.7,0,1255914757440
2009-10-20T00:12:15.690Z,61.17916666666667,-152.21966666666665,5.25,0,1255997535690
2009-10-20T02:35:14.210Z,58.3005,-155.227,3.86,0.1,1256006114210
2009-10-20T22:15:44.830Z,58.24916666666667,-155.11066666666667,-2.89,0,1256076944830
2009-10-21T15:38:34.910Z,58.175,-155.32733333333334,-3,0.1,1256139514910
2009-10-21T22:09:01.580Z,58.1955,-155.2525,1.93,0.1,1256162941580
2009-10-25T12:08:22.810Z,61.304,-152.24866666666668,4.12,0,1256472502810
2009-10-27T01:25:16.710Z,61.24066666666667,-152.0915,10.99,0,1256606716710
2009-10-27T02:53:39.500Z,60.53966666666667,-152.69916666666666,6.27,0.1,1256612019500
2009-10-29T08:59:01.310Z,58.235,-155.14283333333333,1.11,0.1,1256806741310
2009-10-29T09:16:26.640Z,60.5395,-152.72783333333334,5.69,0,1256807786640
2009-10-29T12:51:03.360Z,60.035666666666664,-153.0795,-3,0.1,1256820663360
2009-10-29T15:33:49.380Z,58.228833333333334,-155.15283333333332,-2.87,0.1,1256830429380
2009-10-31T23:59:18.110Z,58.23466666666667,-155.14583333333334,-3,0.1,1257033558110
2009-11-03T01:14:51.390Z,58.164833333333334,-155.37166666666667,-3,0,1257210891390
2009-11-03T19:56:19.680Z,60.48833333333334,-152.76833333333335,-0.22,0.1,1257278179680
2009-11-04T12:46:01.830Z,61.2025,-152.279,6.91,0.1,1257338761830
2009-11-04T23:04:06.250Z,58.20366666666666,-155.25533333333334,3.62,0.1,1257375846250
2009-11-07T11:40:42.110Z,61.30683333333333,-152.25033333333334,4.29,0.1,1257594042110
2009-11-08T01:45:03.280Z,58.172666666666665,-155.36216666666667,-2.12,0,1257644703280
2009-11-08T13:49:05.300Z,61.02016666666667,-151.89083333333335,8.34,0.1,1257688145300
2009-11-09T05:07:20.000Z,61.245,-152.57383333333334,7.43,0.1,1257743240000
2009-11-11T00:31:28.100Z,58.2485,-155.116,-3,0.1,1257899488100
2009-11-14T02:05:55.750Z,61.269,-152.25366666666667,-2.43,0.1,1258164355750
2009-11-14T06:20:23.240Z,58.24733333333333,-155.11566666666667,-3,0.1,1258179623240
2009-11-14T22:20:53.370Z,60.470166666666664,-152.76733333333334,2.28,0.1,1258237253370
2009-11-16T02:16:44.880Z,52.054833333333335,-176.05866666666665,9.05,0,1258337804880
2009-11-16T06:53:10.420Z,61.05083333333334,-152.367,15.22,0.1,1258354390420
2009-11-16T16:51:46.690Z,60.4915,-152.75916666666666,3.33,0.1,1258390306690
2009-11-17T16:56:03.820Z,54.13783333333333,-165.995,2.82,0,1258476963820
2009-11-18T05:05:04.990Z,61.050666666666665,-152.32666666666665,3.8,0.1,1258520704990
2009-11-18T08:27:20.150Z,61.061166666666665,-152.35316666666668,2.22,0.1,1258532840150
2009-11-18T15:37:17.030Z,61.189166666666665,-152.25683333333333,6.61,0.1,1258558637030
2009-11-19T04:05:38.620Z,58.21933333333333,-155.1605,-2.27,0,1258603538620
2009-11-24T11:40:11.450Z,60.5175,-152.728,5.48,0.1,1259062811450
2009-11-24T13:33:19.200Z,60.5215,-152.76133333333334,3.57,0.1,1259069599200
2009-11-24T16:02:58.340Z,58.2495,-155.11916666666667,-3,0,1259078578340
2009-11-24T16:06:12.250Z,58.2445,-155.1255,1.74,0,1259078772250
2009-11-24T16:10:09.820Z,58.24816666666667,-155.13816666666668,2.42,0.1,1259079009820
2009-11-24T17:07:33.760Z,60.55583333333333,-152.78066666666666,8.22,0,1259082453760
2009-11-25T04:25:11.990Z,60.5155,-152.72116666666668,6.14,0.1,1259123111990
2009-11-25T23:48:08.340Z,58.246,-155.12766666666667,-3,0,1259192888340
2009-11-26T13:43:28.280Z,60.51733333333333,-152.89533333333333,5.71,0,1259243008280
2009-11-27T22:56:25.510Z,58.26866666666667,-154.99483333333333,2.2,0.1,1259362585510
2009-12-05T04:08:39.260Z,61.31516666666667,-152.25516666666667,0.93,0.1,1259986119260
2009-12-08T18:58:43.320Z,58.247,-155.11733333333333,-3,0,1260298723320
2009-12-09T10:08:29.670Z,61.29666666666667,-152.0795,5.39,0,1260353309670
2009-12-09T20:25:58.760Z,61.32383333333333,-152.22533333333334,-3,0.1,1260390358760
2009-12-10T06:04:53.760Z,61.15533333333333,-152.23866666666666,4.88,0.1,1260425093760
2009-12-11T02:10:17.190Z,58.16866666666667,-155.34533333333334,1.63,0.1,1260497417190
2009-12-12T10:09:52.510Z,60.50933333333333,-152.691,6.02,0,1260612592510
2009-12-13T18:44:26.110Z,58.172666666666665,-155.33583333333334,-0.72,0.1,1260729866110
2009-12-16T03:06:50.630Z,58.22716666666667,-155.17216666666667,1.38,0,1260932810630
2009-12-17T10:43:27.430Z,61.18116666666667,-152.23483333333334,5.83,0,1261046607430
2009-12-25T17:44:19.300Z,58.23833333333334,-155.12816666666666,-0.18,0,1261763059300
2009-12-27T00:40:28.610Z,60.525,-152.76033333333334,3.8,0.1,1261874428610
2009-12-27T00:46:50.300Z,52.007666666666665,-176.13366666666667,6.75,0.1,1261874810300
2009-12-27T18:49:13.910Z,61.18266666666667,-152.54766666666666,6.43,0,1261939753910
2009-12-27T19:00:55.540Z,61.31333333333333,-152.25666666666666,2.35,0,1261940455540
2009-12-30T01:53:09.550Z,61.17783333333333,-152.29116666666667,5.93,0.1,1262137989550
2009-12-31T00:28:13.510Z,60.5045,-152.7515,5.47,0.1,1262219293510
2009-12-31T20:06:04.460Z,60.528,-152.835,5.42,0.1,1262289964460
